region;estado geografico;capital estado geografico;municipio;parroquia;estado operativo;distrito;area;central;nombre central;id_averia;tipo_reporte;dac;telefono;fecha_reporte;persona_reporta;contacto;fecha_compromiso;fecha_cita;ultimo_usuario;ultimo_comentario;results;asignado_a;cuadrilla;fecha_despacho;ciudad;estatus;problema_reporte;servicio_off_on;cliente_notificado;informacion;informacion;nombre;direccion;fecha_instalacion;olt;ip;tarjeta;plan;slot;puerto;ont_id;fat;serial;cvlan;extra;area_trabajo;dias transcurrido desde la apertura;area_resolutoria;tipo_servicio;tipo_problema;descripcion;usuario_acciona;fecha_acciona;dias transcurrido en area resolutoria;codigo_causa;descripcion;Subcodigo_causa;descripcion;con_serv_aba;unidad_negocio;ups;codigos_gestionados_en_VENAPP;codigos_sin_gestion_en_VENAPP;Reparador Principal;Ayudante 1;Ayudante 2;Ayudante 3;Ayudante 4;Ayudante 5;Ayudante 6;Ayudante 7;Ayudante 8;Ayudante 9;Flota (CAN);Nombre;Apellido;Telefono Oficina;Telefono Movil;Fecha Hora Asignacion
			CAPITAL;BOLIVARIANO MIRANDA;LOS TEQUES;BARUTA;BARUTA;MIRANDA-2;10204;AREA 4;2324X;FRANCISCO SALIAS    ;90001000;DATO12-0000;999;7000000100;17/07/2026 11:38:20 a.m.;ABONADO0000;4000000100;20/07/2026 11:38:20 a.m.;;OPERADOR0000;SIN NOVEDAD FICTICIA;;;;10/09/2026 12:00:13 p.m.;DATO26-0000;PEND;SIN NOVEDAD FICTICIA;DATO29-0000;9;;SIN NOVEDAD FICTICIA;ABONADO0000;CALLE FICTICIA 0000 RESIDENCIA DEMO;;DATO36-0000;DATO37-0000;DATO38-0000;DATO39-0000;9;9;99;DATO43-0000;DATO44-0000;999;DATO46-0000;DATO47-0000;99;DATO49-0000;DATO50-0000;DATO51-0000;DATO52-0000;OPERADOR0000;10/09/2026 12:04:22 p.m.;9;;;;;DATO60-0000;CANTV RESIDENCIAL;RES;;;;;;;;;;;;;;;;;;
CAPITAL;BOLIVARIANO MIRANDA;LOS TEQUES;BARUTA;BARUTA;MIRANDA-2;10204;AREA 4;2324X;FRANCISCO SALIAS    ;90001001;DATO12-0001;999;7000000101;03/08/2026 01:08:36 p.m.;ABONADO0001;4000000101;06/08/2026 01:08:36 p.m.;22/08/2026 10:00:00 a.m.;OPERADOR0001;SIN NOVEDAD FICTICIA;;;;07/09/2026 10:37:00 a.m.;DATO26-0001;PEND;SIN NOVEDAD FICTICIA;DATO29-0001;9;SIN NOVEDAD FICTICIA;SIN NOVEDAD FICTICIA;ABONADO0001;CALLE FICTICIA 0001 RESIDENCIA DEMO;28/07/2026;DATO36-0001;DATO37-0001;DATO38-0001;DATO39-0001;9;9;99;DATO43-0001;DATO44-0001;999;DATO46-0001;DATO47-0001;99;DATO49-0001;DATO50-0001;DATO51-0001;DATO52-0001;OPERADOR0001;07/09/2026 11:04:19 a.m.;9;;;;;DATO60-0001;CANTV RESIDENCIAL;RES;;;;;;;;;;;;;;;;;;
CAPITAL;BOLIVARIANO MIRANDA;LOS TEQUES;BARUTA;BARUTA;MIRANDA-2;10204;AREA 4;2324X;FRANCISCO SALIAS    ;90001002;DATO12-0002;999;7000000102;12/08/2026 10:11:01 a.m.;ABONADO0002;4000000102;15/08/2026 10:11:01 a.m.;;OPERADOR0002;REPORTE FICTICIO: LOS ROJO;;;;24/08/2026 12:17:35 p.m.;DATO26-0002;PEND;SIN NOVEDAD FICTICIA;DATO29-0002;9;SIN NOVEDAD FICTICIA;SIN NOVEDAD FICTICIA;ABONADO0002;CALLE FICTICIA 0002 RESIDENCIA DEMO;;DATO36-0002;DATO37-0002;DATO38-0002;DATO39-0002;9;9;9;DATO43-0002;DATO44-0002;9999;DATO46-0002;DATO47-0002;99;DATO49-0002;DATO50-0002;DATO51-0002;DATO52-0002;OPERADOR0002;26/08/2026 02:54:16 p.m.;99;;;;;DATO60-0002;CANTV RESIDENCIAL;RES;;;;;;;;;;;;;;;;;;
CAPITAL;BOLIVARIANO MIRANDA;LOS TEQUES;BARUTA;BARUTA;MIRANDA-2;10204;AREA 4;2324X;FRANCISCO SALIAS    ;90001003;DATO12-0003;999;7000000103;20/08/2026 08:21:37 a.m.;ABONADO0003;4000000103;23/08/2026 08:21:37 a.m.;;OPERADOR0003;REPORTE FICTICIO: LOS ROJO / FALLA DE FIBRA;;;;20/08/2026 08:40:41 a.m.;DATO26-0003;PEND;SIN NOVEDAD FICTICIA;DATO29-0003;9;SIN NOVEDAD FICTICIA;;;;;DATO36-0003;DATO37-0003;DATO38-0003;DATO39-0003;9;9;9;DATO43-0003;DATO44-0003;999;DATO46-0003;DATO47-0003;99;DATO49-0003;DATO50-0003;DATO51-0003;DATO52-0003;OPERADOR0003;20/08/2026 08:41:15 a.m.;99;;;;;;CANTV RESIDENCIAL;RES;;;;;;;;;;;;;;;;;;
CAPITAL;BOLIVARIANO MIRANDA;LOS TEQUES;BARUTA;BARUTA;MIRANDA-2;10204;AREA 4;2324X;FRANCISCO SALIAS    ;90001004;DATO12-0004;999;7000000104;20/08/2026 11:03:40 a.m.;ABONADO0004;4000000104;23/08/2026 11:03:40 a.m.;;OPERADOR0004;REPORTE FICTICIO: LOS ROJO / FALLA DE FIBRA;;999999;;27/08/2026 11:05:05 a.m.;DATO26-0004;ASGN;SIN NOVEDAD FICTICIA;DATO29-0004;9;SIN NOVEDAD FICTICIA;;;;;DATO36-0004;DATO37-0004;DATO38-0004;DATO39-0004;9;9;99;;DATO44-0004;999;DATO46-0004;DATO47-0004;99;DATO49-0004;DATO50-0004;DATO51-0004;DATO52-0004;OPERADOR0004;27/08/2026 11:05:51 a.m.;99;;;;;;CANTV RESIDENCIAL;RES;;;;;;;;;;;;;;;;;;
CAPITAL;BOLIVARIANO MIRANDA;LOS TEQUES;BARUTA;BARUTA;MIRANDA-2;10204;AREA 4;2324X;FRANCISCO SALIAS    ;90001005;DATO12-0005;999;7000000105;24/08/2026 03:07:52 p.m.;ABONADO0005;4000000105;27/08/2026 03:07:52 p.m.;;OPERADOR0005;REPORTE FICTICIO: LOS ROJO;;;;02/09/2026 02:05:26 p.m.;DATO26-0005;PEND;SIN NOVEDAD FICTICIA;DATO29-0005;9;SIN NOVEDAD FICTICIA;;ABONADO0005;CALLE FICTICIA 0005 RESIDENCIA DEMO;13/08/2026;DATO36-0005;DATO37-0005;DATO38-0005;DATO39-0005;9;9;9;DATO43-0005;DATO44-0005;999;DATO46-0005;DATO47-0005;99;DATO49-0005;DATO50-0005;DATO51-0005;DATO52-0005;OPERADOR0005;02/09/2026 02:51:08 p.m.;9;;;;;DATO60-0005;CANTV RESIDENCIAL;RES;;;;;;;;;;;;;;;;;;
CAPITAL;BOLIVARIANO MIRANDA;LOS TEQUES;BARUTA;BARUTA;MIRANDA-2;10204;AREA 4;2324X;FRANCISCO SALIAS    ;90001006;DATO12-0006;999;7000000106;25/08/2026 12:30:06 p.m.;ABONADO0006;4000000106;28/08/2026 12:30:07 p.m.;;OPERADOR0006;SIN NOVEDAD FICTICIA;;;;07/09/2026 08:06:25 a.m.;;PEND;;DATO29-0006;9;SIN NOVEDAD FICTICIA;;ABONADO0006;CALLE FICTICIA 0006 RESIDENCIA DEMO;;DATO36-0006;DATO37-0006;DATO38-0006;DATO39-0006;9;9;99;DATO43-0006;DATO44-0006;9999;DATO46-0006;DATO47-0006;99;DATO49-0006;DATO50-0006;DATO51-0006;DATO52-0006;OPERADOR0006;11/09/2026 02:08:38 p.m.;9;;;;;DATO60-0006;CANTV RESIDENCIAL;RES;;;;;;;;;;;;;;;;;;
CAPITAL;BOLIVARIANO MIRANDA;LOS TEQUES;BARUTA;BARUTA;MIRANDA-2;10204;AREA 4;2324X;FRANCISCO SALIAS    ;90001007;DATO12-0007;999;7000000107;26/08/2026 09:18:03 a.m.;ABONADO0007;4000000107;29/08/2026 09:18:03 a.m.;;OPERADOR0007;SIN NOVEDAD FICTICIA;;;;04/09/2026 01:14:44 p.m.;DATO26-0007;PEND;;DATO29-0007;9;;SIN NOVEDAD FICTICIA;ABONADO0007;CALLE FICTICIA 0007 RESIDENCIA DEMO;;DATO36-0007;DATO37-0007;DATO38-0007;DATO39-0007;9;99;99;DATO43-0007;DATO44-0007;9999;DATO46-0007;DATO47-0007;99;DATO49-0007;DATO50-0007;DATO51-0007;DATO52-0007;OPERADOR0007;07/09/2026 03:08:14 a.m.;9;;;;;DATO60-0007;CANTV RESIDENCIAL;RES;;;;;;;;;;;;;;;;;;
CAPITAL;BOLIVARIANO MIRANDA;LOS TEQUES;BARUTA;BARUTA;MIRANDA-2;10204;AREA 4;2324X;FRANCISCO SALIAS    ;90001008;DATO12-0008;999;7000000108;27/08/2026 08:49:43 a.m.;ABONADO0008;4000000108;30/08/2026 08:49:44 a.m.;;OPERADOR0008;SIN NOVEDAD FICTICIA;;;;01/09/2026 09:47:14 a.m.;;PEND;;DATO29-0008;9;;;ABONADO0008;CALLE FICTICIA 0008 RESIDENCIA DEMO;;DATO36-0008;DATO37-0008;DATO38-0008;DATO39-0008;9;9;99;DATO43-0008;DATO44-0008;9999;DATO46-0008;DATO47-0008;99;DATO49-0008;DATO50-0008;DATO51-0008;DATO52-0008;OPERADOR0008;02/09/2026 01:25:53 p.m.;9;;;;;DATO60-0008;CANTV RESIDENCIAL;RES;;;;;;;;;;;;;;;;;;
CAPITAL;BOLIVARIANO MIRANDA;LOS TEQUES;BARUTA;BARUTA;MIRANDA-2;10202;AREA 5;2319X;LAS MERCEDES CPA    ;90001009;DATO12-0009;999;7000000109;28/08/2026 02:22:45 p.m.;ABONADO0009;4000000109;31/08/2026 02:22:45 p.m.;;OPERADOR0009;REPORTE FICTICIO: LOS ROJO;;;;07/09/2026 08:06:25 a.m.;DATO26-0009;PEND;SIN NOVEDAD FICTICIA;DATO29-0009;9;;;ABONADO0009;CALLE FICTICIA 0009 RESIDENCIA DEMO;24/08/2026;DATO36-0009;DATO37-0009;DATO38-0009;DATO39-0009;9;99;99;DATO43-0009;DATO44-0009;9999;DATO46-0009;DATO47-0009;99;DATO49-0009;DATO50-0009;DATO51-0009;DATO52-0009;OPERADOR0009;07/09/2026 11:23:50 a.m.;9;;;;;DATO60-0009;CANTV RESIDENCIAL;RES;;;;;;;;;;;;;;;;;;
CAPITAL;BOLIVARIANO MIRANDA;LOS TEQUES;BARUTA;BARUTA;MIRANDA-2;10204;AREA 4;2324X;FRANCISCO SALIAS    ;90001010;DATO12-0010;999;7000000110;01/09/2026 10:13:07 a.m.;ABONADO0010;4000000110;04/09/2026 10:13:08 a.m.;;OPERADOR0010;SIN NOVEDAD FICTICIA;;999999;;11/09/2026 03:37:00 p.m.;;ASGN;;DATO29-0010;9;SIN NOVEDAD FICTICIA;;ABONADO0010;CALLE FICTICIA 0010 RESIDENCIA DEMO;;DATO36-0010;DATO37-0010;DATO38-0010;DATO39-0010;99;99;99;DATO43-0010;DATO44-0010;9999;DATO46-0010;DATO47-0010;99;DATO49-0010;DATO50-0010;DATO51-0010;DATO52-0010;OPERADOR0010;11/09/2026 03:37:56 p.m.;9;;;;;DATO60-0010;CANTV RESIDENCIAL;RES;;;;;;;;;;;;;;;;;;
CAPITAL;BOLIVARIANO MIRANDA;LOS TEQUES;BARUTA;BARUTA;MIRANDA-2;10204;AREA 4;2324X;FRANCISCO SALIAS    ;90001011;DATO12-0011;999;7000000111;01/09/2026 10:55:09 a.m.;ABONADO0011;4000000111;04/09/2026 10:55:09 a.m.;;OPERADOR0011;SIN NOVEDAD FICTICIA;;;;07/09/2026 10:32:41 a.m.;DATO26-0011;PEND;SIN NOVEDAD FICTICIA;DATO29-0011;9;;;ABONADO0011;CALLE FICTICIA 0011 RESIDENCIA DEMO;25/08/2026;DATO36-0011;DATO37-0011;DATO38-0011;DATO39-0011;99;9;99;DATO43-0011;DATO44-0011;999;DATO46-0011;DATO47-0011;99;DATO49-0011;DATO50-0011;DATO51-0011;DATO52-0011;OPERADOR0011;10/09/2026 03:11:32 a.m.;9;;;;;DATO60-0011;CANTV RESIDENCIAL;RES;;;;;;;;;;;;;;;;;;
CAPITAL;BOLIVARIANO MIRANDA;LOS TEQUES;BARUTA;BARUTA;MIRANDA-2;10202;AREA 5;2319X;LAS MERCEDES CPA    ;90001012;DATO12-0012;999;7000000112;01/09/2026 01:21:01 p.m.;ABONADO0012;4000000112;04/09/2026 01:21:01 p.m.;;OPERADOR0012;REPORTE FICTICIO: LOS ROJO;;;;03/09/2026 08:49:38 a.m.;DATO26-0012;PEND;SIN NOVEDAD FICTICIA;DATO29-0012;9;;;ABONADO0012;CALLE FICTICIA 0012 RESIDENCIA DEMO;;DATO36-0012;DATO37-0012;DATO38-0012;DATO39-0012;9;9;99;DATO43-0012;DATO44-0012;999;DATO46-0012;DATO47-0012;99;DATO49-0012;DATO50-0012;DATO51-0012;DATO52-0012;OPERADOR0012;11/09/2026 08:08:04 a.m.;9;;;;;DATO60-0012;CANTV RESIDENCIAL;RES;;;;;;;;;;;;;;;;;;
CAPITAL;BOLIVARIANO MIRANDA;LOS TEQUES;BARUTA;BARUTA;MIRANDA-2;10204;AREA 4;2324X;FRANCISCO SALIAS    ;90001013;DATO12-0013;999;7000000113;01/09/2026 02:23:47 p.m.;ABONADO0013;4000000113;04/09/2026 02:23:47 p.m.;;OPERADOR0013;SIN NOVEDAD FICTICIA;;;;05/09/2026 11:37:21 a.m.;DATO26-0013;PEND;SIN NOVEDAD FICTICIA;DATO29-0013;9;SIN NOVEDAD FICTICIA;;ABONADO0013;CALLE FICTICIA 0013 RESIDENCIA DEMO;;DATO36-0013;DATO37-0013;DATO38-0013;DATO39-0013;99;99;99;DATO43-0013;DATO44-0013;9999;DATO46-0013;DATO47-0013;99;DATO49-0013;DATO50-0013;DATO51-0013;DATO52-0013;OPERADOR0013;11/09/2026 02:10:09 p.m.;9;;;;;DATO60-0013;CANTV RESIDENCIAL;RES;;;;;;;;;;;;;;;;;;
CAPITAL;BOLIVARIANO MIRANDA;LOS TEQUES;BARUTA;BARUTA;MIRANDA-2;10204;AREA 4;2324X;FRANCISCO SALIAS    ;90001014;DATO12-0014;999;7000000114;01/09/2026 10:18:15 p.m.;ABONADO0014;4000000114;04/09/2026 10:18:15 p.m.;;OPERADOR0014;REPORTE FICTICIO: FALLA DE FIBRA;;;;02/09/2026 09:17:34 a.m.;;PEND;;DATO29-0014;9;;;ABONADO0014;CALLE FICTICIA 0014 RESIDENCIA DEMO;;DATO36-0014;DATO37-0014;DATO38-0014;DATO39-0014;9;9;9;DATO43-0014;DATO44-0014;999;DATO46-0014;DATO47-0014;99;DATO49-0014;DATO50-0014;DATO51-0014;DATO52-0014;OPERADOR0014;02/09/2026 10:18:50 a.m.;9;;;;;DATO60-0014;CANTV RESIDENCIAL;RES;;;;;;;;;;;;;;;;;;
CAPITAL;BOLIVARIANO MIRANDA;LOS TEQUES;BARUTA;BARUTA;MIRANDA-2;10204;AREA 4;2324X;FRANCISCO SALIAS    ;90001015;DATO12-0015;999;7000000115;02/09/2026 01:41:56 p.m.;ABONADO0015;4000000115;05/09/2026 01:41:56 p.m.;;OPERADOR0015;SIN NOVEDAD FICTICIA;;;;07/09/2026 08:10:01 a.m.;DATO26-0015;PEND;SIN NOVEDAD FICTICIA;DATO29-0015;9;SIN NOVEDAD FICTICIA;;ABONADO0015;CALLE FICTICIA 0015 RESIDENCIA DEMO;;DATO36-0015;DATO37-0015;DATO38-0015;DATO39-0015;99;99;;DATO43-0015;DATO44-0015;;DATO46-0015;DATO47-0015;9;DATO49-0015;DATO50-0015;DATO51-0015;;OPERADOR0015;07/09/2026 10:27:29 a.m.;9;;;;;DATO60-0015;CANTV RESIDENCIAL;RES;;;;;;;;;;;;;;;;;;
CAPITAL;BOLIVARIANO MIRANDA;LOS TEQUES;BARUTA;BARUTA;MIRANDA-2;10204;AREA 4;2324X;FRANCISCO SALIAS    ;90001016;DATO12-0016;999;7000000116;02/09/2026 02:47:05 p.m.;ABONADO0016;4000000116;05/09/2026 02:47:05 p.m.;;OPERADOR0016;SIN NOVEDAD FICTICIA;;;;11/09/2026 08:51:00 a.m.;DATO26-0016;PEND;SIN NOVEDAD FICTICIA;DATO29-0016;9;SIN NOVEDAD FICTICIA;;ABONADO0016;CALLE FICTICIA 0016 RESIDENCIA DEMO;;DATO36-0016;DATO37-0016;DATO38-0016;DATO39-0016;9;99;99;;DATO44-0016;9999;DATO46-0016;DATO47-0016;9;DATO49-0016;DATO50-0016;DATO51-0016;DATO52-0016;OPERADOR0016;11/09/2026 09:20:25 a.m.;9;;;;;DATO60-0016;CANTV RESIDENCIAL;RES;;;;;;;;;;;;;;;;;;
CAPITAL;BOLIVARIANO MIRANDA;LOS TEQUES;BARUTA;BARUTA;MIRANDA-2;10204;AREA 4;2324X;FRANCISCO SALIAS    ;90001017;DATO12-0017;999;7000000117;02/09/2026 06:33:46 p.m.;ABONADO0017;4000000117;05/09/2026 06:33:46 p.m.;;OPERADOR0017;SIN NOVEDAD FICTICIA;;;;03/09/2026 08:30:03 a.m.;DATO26-0017;PEND;SIN NOVEDAD FICTICIA;DATO29-0017;9;;;ABONADO0017;CALLE FICTICIA 0017 RESIDENCIA DEMO;18/08/2026;DATO36-0017;DATO37-0017;DATO38-0017;DATO39-0017;9;9;9;DATO43-0017;DATO44-0017;999;DATO46-0017;DATO47-0017;9;DATO49-0017;DATO50-0017;DATO51-0017;DATO52-0017;OPERADOR0017;03/09/2026 09:22:44 a.m.;9;;;;;DATO60-0017;CANTV RESIDENCIAL;RES;;;;;;;;;;;;;;;;;;
CAPITAL;BOLIVARIANO MIRANDA;LOS TEQUES;BARUTA;BARUTA;MIRANDA-2;10204;AREA 4;2324X;FRANCISCO SALIAS    ;90001018;DATO12-0018;999;7000000118;03/09/2026 10:50:28 a.m.;ABONADO0018;4000000118;06/09/2026 10:50:28 a.m.;;OPERADOR0018;SIN NOVEDAD FICTICIA;;;;04/09/2026 03:12:34 p.m.;DATO26-0018;PEND;SIN NOVEDAD FICTICIA;DATO29-0018;9;;;;;;DATO36-0018;DATO37-0018;DATO38-0018;DATO39-0018;99;99;99;DATO43-0018;DATO44-0018;9999;DATO46-0018;DATO47-0018;9;DATO49-0018;DATO50-0018;DATO51-0018;DATO52-0018;OPERADOR0018;05/09/2026 02:01:39 p.m.;9;;;;;;CANTV RESIDENCIAL;RES;;;;;;;;;;;;;;;;;;
CAPITAL;BOLIVARIANO MIRANDA;LOS TEQUES;BARUTA;BARUTA;MIRANDA-2;10204;AREA 4;2324X;FRANCISCO SALIAS    ;90001019;DATO12-0019;999;7000000119;03/09/2026 11:54:11 a.m.;ABONADO0019;4000000119;06/09/2026 11:54:11 a.m.;;OPERADOR0019;REPORTE FICTICIO: LOS ROJO;;999999;;11/09/2026 11:20:24 a.m.;DATO26-0019;ASGN;SIN NOVEDAD FICTICIA;DATO29-0019;9;SIN NOVEDAD FICTICIA;;ABONADO0019;CALLE FICTICIA 0019 RESIDENCIA DEMO;;DATO36-0019;DATO37-0019;DATO38-0019;DATO39-0019;99;99;99;DATO43-0019;DATO44-0019;9999;DATO46-0019;DATO47-0019;9;DATO49-0019;DATO50-0019;DATO51-0019;DATO52-0019;OPERADOR0019;11/09/2026 01:27:22 p.m.;9;;;;;DATO60-0019;CANTV RESIDENCIAL;RES;;;;;;;;;;;;;;;;;;
CAPITAL;BOLIVARIANO MIRANDA;LOS TEQUES;BARUTA;BARUTA;MIRANDA-2;10204;AREA 4;2324X;FRANCISCO SALIAS    ;90001020;DATO12-0020;999;7000000120;04/09/2026 09:57:48 a.m.;ABONADO0020;4000000120;07/09/2026 09:57:48 a.m.;;OPERADOR0020;REPORTE FICTICIO: LOS ROJO / FALLA DE FIBRA;;;;04/09/2026 11:02:23 a.m.;DATO26-0020;PEND;SIN NOVEDAD FICTICIA;DATO29-0020;9;;;ABONADO0020;CALLE FICTICIA 0020 RESIDENCIA DEMO;;DATO36-0020;DATO37-0020;DATO38-0020;DATO39-0020;99;99;99;DATO43-0020;DATO44-0020;9999;DATO46-0020;DATO47-0020;9;DATO49-0020;DATO50-0020;DATO51-0020;DATO52-0020;OPERADOR0020;04/09/2026 11:02:37 a.m.;9;;;;;DATO60-0020;CANTV RESIDENCIAL;RES;;;;;;;;;;;;;;;;;;
CAPITAL;BOLIVARIANO MIRANDA;LOS TEQUES;BARUTA;BARUTA;MIRANDA-2;10204;AREA 4;2324X;FRANCISCO SALIAS    ;90001021;DATO12-0021;999;7000000121;04/09/2026 10:19:29 a.m.;ABONADO0021;4000000121;07/09/2026 10:19:29 a.m.;;OPERADOR0021;SIN NOVEDAD FICTICIA;;;;04/09/2026 11:49:13 a.m.;DATO26-0021;PEND;SIN NOVEDAD FICTICIA;DATO29-0021;9;;;ABONADO0021;CALLE FICTICIA 0021 RESIDENCIA DEMO;;DATO36-0021;DATO37-0021;DATO38-0021;DATO39-0021;99;9;99;DATO43-0021;DATO44-0021;9999;DATO46-0021;DATO47-0021;9;DATO49-0021;DATO50-0021;DATO51-0021;DATO52-0021;OPERADOR0021;04/09/2026 04:45:54 p.m.;9;;;;;DATO60-0021;CANTV RESIDENCIAL;RES;;;;;;;;;;;;;;;;;;
CAPITAL;BOLIVARIANO MIRANDA;LOS TEQUES;BARUTA;BARUTA;MIRANDA-2;10204;AREA 4;2324X;FRANCISCO SALIAS    ;90001022;DATO12-0022;999;7000000122;04/09/2026 10:23:10 a.m.;ABONADO0022;4000000122;07/09/2026 10:23:10 a.m.;;OPERADOR0022;SIN NOVEDAD FICTICIA;;;;04/09/2026 11:49:13 a.m.;DATO26-0022;PEND;SIN NOVEDAD FICTICIA;DATO29-0022;9;SIN NOVEDAD FICTICIA;;ABONADO0022;CALLE FICTICIA 0022 RESIDENCIA DEMO;;DATO36-0022;DATO37-0022;DATO38-0022;DATO39-0022;99;99;99;DATO43-0022;DATO44-0022;9999;DATO46-0022;DATO47-0022;9;DATO49-0022;DATO50-0022;DATO51-0022;DATO52-0022;OPERADOR0022;07/09/2026 10:25:51 a.m.;9;;;;;DATO60-0022;CANTV RESIDENCIAL;RES;;DATO64-0022;;;;;;;;;;;;;;;;
CAPITAL;BOLIVARIANO MIRANDA;LOS TEQUES;BARUTA;BARUTA;MIRANDA-2;10204;AREA 4;2324X;FRANCISCO SALIAS    ;90001023;DATO12-0023;999;7000000123;04/09/2026 11:52:39 a.m.;ABONADO0023;4000000123;07/09/2026 11:52:39 a.m.;;OPERADOR0023;SIN NOVEDAD FICTICIA;;;;04/09/2026 12:43:24 p.m.;;PEND;;DATO29-0023;9;;;ABONADO0023;CALLE FICTICIA 0023 RESIDENCIA DEMO;;DATO36-0023;DATO37-0023;DATO38-0023;DATO39-0023;9;9;9;DATO43-0023;DATO44-0023;9999;DATO46-0023;DATO47-0023;9;DATO49-0023;DATO50-0023;DATO51-0023;DATO52-0023;OPERADOR0023;04/09/2026 12:44:46 p.m.;9;;;;;DATO60-0023;CANTV RESIDENCIAL;RES;;DATO64-0023;;;;;;;;;;;;;;;;
CAPITAL;BOLIVARIANO MIRANDA;LOS TEQUES;BARUTA;BARUTA;MIRANDA-2;10204;AREA 4;2324X;FRANCISCO SALIAS    ;90001024;DATO12-0024;999;7000000124;04/09/2026 12:13:49 p.m.;ABONADO0024;4000000124;07/09/2026 12:13:49 p.m.;;OPERADOR0024;REPORTE FICTICIO: FALLA DE FIBRA;;;;04/09/2026 12:38:19 p.m.;;PEND;;DATO29-0024;9;;;ABONADO0024;CALLE FICTICIA 0024 RESIDENCIA DEMO;;DATO36-0024;DATO37-0024;DATO38-0024;DATO39-0024;9;9;99;DATO43-0024;DATO44-0024;999;DATO46-0024;DATO47-0024;9;DATO49-0024;DATO50-0024;DATO51-0024;DATO52-0024;OPERADOR0024;04/09/2026 12:38:55 p.m.;9;;;;;DATO60-0024;CANTV RESIDENCIAL;RES;;;;;;;;;;;;;;;;;;
CAPITAL;BOLIVARIANO MIRANDA;LOS TEQUES;BARUTA;BARUTA;MIRANDA-2;10204;AREA 4;2324X;FRANCISCO SALIAS    ;90001025;DATO12-0025;999;7000000125;06/09/2026 03:04:23 p.m.;ABONADO0025;4000000125;09/09/2026 03:04:24 p.m.;;OPERADOR0025;SIN NOVEDAD FICTICIA;;;;08/09/2026 10:29:04 a.m.;;PEND;;DATO29-0025;9;;;ABONADO0025;CALLE FICTICIA 0025 RESIDENCIA DEMO;;DATO36-0025;DATO37-0025;DATO38-0025;DATO39-0025;9;99;9;DATO43-0025;DATO44-0025;9999;DATO46-0025;DATO47-0025;9;DATO49-0025;DATO50-0025;DATO51-0025;DATO52-0025;OPERADOR0025;08/09/2026 10:30:48 a.m.;9;;;;;DATO60-0025;CANTV RESIDENCIAL;RES;;;;;;;;;;;;;;;;;;
CAPITAL;BOLIVARIANO MIRANDA;LOS TEQUES;BARUTA;BARUTA;MIRANDA-2;10204;AREA 4;2324X;FRANCISCO SALIAS    ;90001026;DATO12-0026;999;7000000126;06/09/2026 08:35:37 p.m.;ABONADO0026;4000000126;09/09/2026 08:35:38 p.m.;;OPERADOR0026;SIN NOVEDAD FICTICIA;;;;07/09/2026 08:27:44 a.m.;;PEND;;DATO29-0026;9;;;ABONADO0026;CALLE FICTICIA 0026 RESIDENCIA DEMO;;DATO36-0026;DATO37-0026;DATO38-0026;DATO39-0026;9;9;9;DATO43-0026;DATO44-0026;9999;DATO46-0026;DATO47-0026;9;DATO49-0026;DATO50-0026;DATO51-0026;DATO52-0026;OPERADOR0026;08/09/2026 12:45:47 a.m.;9;;;;;DATO60-0026;CANTV RESIDENCIAL;RES;;;;;;;;;;;;;;;;;;
CAPITAL;BOLIVARIANO MIRANDA;LOS TEQUES;BARUTA;BARUTA;MIRANDA-2;10204;AREA 4;2324X;FRANCISCO SALIAS    ;90001027;DATO12-0027;999;7000000127;07/09/2026 10:11:14 a.m.;ABONADO0027;4000000127;10/09/2026 10:11:14 a.m.;;OPERADOR0027;SIN NOVEDAD FICTICIA;;;;08/09/2026 09:13:33 a.m.;DATO26-0027;PEND;SIN NOVEDAD FICTICIA;DATO29-0027;9;SIN NOVEDAD FICTICIA;;ABONADO0027;CALLE FICTICIA 0027 RESIDENCIA DEMO;;DATO36-0027;DATO37-0027;DATO38-0027;DATO39-0027;9;9;9;DATO43-0027;DATO44-0027;999;DATO46-0027;DATO47-0027;9;DATO49-0027;DATO50-0027;DATO51-0027;DATO52-0027;OPERADOR0027;08/09/2026 04:57:52 p.m.;9;;;;;DATO60-0027;CANTV EMPRESAS;NRES;;;;;;;;;;;;;;;;;;
CAPITAL;BOLIVARIANO MIRANDA;LOS TEQUES;BARUTA;BARUTA;MIRANDA-2;10204;AREA 4;2324X;FRANCISCO SALIAS    ;90001028;DATO12-0028;999;7000000128;07/09/2026 10:44:20 a.m.;ABONADO0028;4000000128;10/09/2026 10:44:21 a.m.;;OPERADOR0028;SIN NOVEDAD FICTICIA;;;;09/09/2026 03:56:18 p.m.;;PEND;;DATO29-0028;9;;;ABONADO0028;CALLE FICTICIA 0028 RESIDENCIA DEMO;;DATO36-0028;DATO37-0028;DATO38-0028;DATO39-0028;99;9;9;DATO43-0028;DATO44-0028;999;DATO46-0028;DATO47-0028;9;DATO49-0028;DATO50-0028;DATO51-0028;DATO52-0028;OPERADOR0028;09/09/2026 04:00:42 p.m.;9;;;;;DATO60-0028;CANTV RESIDENCIAL;RES;;;;;;;;;;;;;;;;;;
CAPITAL;BOLIVARIANO MIRANDA;LOS TEQUES;BARUTA;BARUTA;MIRANDA-2;10204;AREA 4;2324X;FRANCISCO SALIAS    ;90001029;DATO12-0029;999;7000000129;07/09/2026 01:05:02 p.m.;ABONADO0029;4000000129;10/09/2026 01:05:02 p.m.;;OPERADOR0029;SIN NOVEDAD FICTICIA;;;;07/09/2026 01:11:33 p.m.;DATO26-0029;PEND;SIN NOVEDAD FICTICIA;DATO29-0029;9;;;;;;DATO36-0029;DATO37-0029;DATO38-0029;DATO39-0029;9;99;99;DATO43-0029;DATO44-0029;9999;DATO46-0029;DATO47-0029;9;DATO49-0029;DATO50-0029;DATO51-0029;DATO52-0029;OPERADOR0029;07/09/2026 01:22:10 p.m.;9;;;;;;CANTV RESIDENCIAL;RES;;;;;;;;;;;;;;;;;;
CAPITAL;BOLIVARIANO MIRANDA;LOS TEQUES;BARUTA;BARUTA;MIRANDA-2;10204;AREA 4;2324X;FRANCISCO SALIAS    ;90001030;DATO12-0030;999;7000000130;08/09/2026 09:24:58 a.m.;ABONADO0030;4000000130;11/09/2026 09:24:58 a.m.;08/09/2026 10:00:00 a.m.;OPERADOR0030;SIN NOVEDAD FICTICIA;;;;08/09/2026 09:50:25 a.m.;DATO26-0030;PEND;SIN NOVEDAD FICTICIA;DATO29-0030;9;SIN NOVEDAD FICTICIA;;ABONADO0030;CALLE FICTICIA 0030 RESIDENCIA DEMO;;DATO36-0030;DATO37-0030;DATO38-0030;DATO39-0030;9;99;99;DATO43-0030;DATO44-0030;9999;DATO46-0030;DATO47-0030;9;DATO49-0030;DATO50-0030;DATO51-0030;DATO52-0030;OPERADOR0030;09/09/2026 10:44:38 a.m.;9;;;;;DATO60-0030;CANTV RESIDENCIAL;RES;;;;;;;;;;;;;;;;;;
CAPITAL;BOLIVARIANO MIRANDA;LOS TEQUES;BARUTA;BARUTA;MIRANDA-2;10204;AREA 4;2324X;FRANCISCO SALIAS    ;90001031;DATO12-0031;999;7000000131;08/09/2026 09:51:11 a.m.;ABONADO0031;4000000131;11/09/2026 09:51:11 a.m.;;OPERADOR0031;REPORTE FICTICIO: LOS ROJO;;;;08/09/2026 10:04:56 a.m.;DATO26-0031;PEND;SIN NOVEDAD FICTICIA;DATO29-0031;9;;;ABONADO0031;CALLE FICTICIA 0031 RESIDENCIA DEMO;;DATO36-0031;DATO37-0031;DATO38-0031;DATO39-0031;9;99;99;DATO43-0031;DATO44-0031;9999;DATO46-0031;DATO47-0031;9;DATO49-0031;DATO50-0031;DATO51-0031;;OPERADOR0031;08/09/2026 10:31:51 a.m.;9;;;;;DATO60-0031;CANTV RESIDENCIAL;RES;;;;;;;;;;;;;;;;;;
CAPITAL;BOLIVARIANO MIRANDA;LOS TEQUES;BARUTA;BARUTA;MIRANDA-2;10204;AREA 4;2324X;FRANCISCO SALIAS    ;90001032;DATO12-0032;999;7000000132;08/09/2026 01:57:43 p.m.;ABONADO0032;4000000132;11/09/2026 01:57:43 p.m.;09/09/2026 10:00:00 a.m.;OPERADOR0032;SIN NOVEDAD FICTICIA;;;;08/09/2026 02:30:51 p.m.;DATO26-0032;PEND;SIN NOVEDAD FICTICIA;DATO29-0032;9;;;ABONADO0032;CALLE FICTICIA 0032 RESIDENCIA DEMO;31/08/2026;DATO36-0032;DATO37-0032;DATO38-0032;DATO39-0032;9;99;99;DATO43-0032;DATO44-0032;9999;DATO46-0032;DATO47-0032;9;DATO49-0032;DATO50-0032;DATO51-0032;;OPERADOR0032;08/09/2026 02:38:29 p.m.;9;;;;;DATO60-0032;CANTV RESIDENCIAL;RES;;;;;;;;;;;;;;;;;;
CAPITAL;BOLIVARIANO MIRANDA;LOS TEQUES;BARUTA;BARUTA;MIRANDA-2;10204;AREA 4;2324X;FRANCISCO SALIAS    ;90001033;DATO12-0033;999;7000000133;08/09/2026 02:54:42 p.m.;ABONADO0033;4000000133;11/09/2026 02:54:42 p.m.;;OPERADOR0033;REPORTE FICTICIO: LOS ROJO / FALLA DE FIBRA;;;;08/09/2026 03:23:33 p.m.;DATO26-0033;PEND;SIN NOVEDAD FICTICIA;DATO29-0033;9;SIN NOVEDAD FICTICIA;;ABONADO0033;CALLE FICTICIA 0033 RESIDENCIA DEMO;;DATO36-0033;DATO37-0033;DATO38-0033;DATO39-0033;99;9;99;DATO43-0033;DATO44-0033;999;DATO46-0033;DATO47-0033;9;DATO49-0033;DATO50-0033;DATO51-0033;DATO52-0033;OPERADOR0033;08/09/2026 03:47:33 p.m.;9;;;;;DATO60-0033;CANTV RESIDENCIAL;RES;;;;;;;;;;;;;;;;;;
CAPITAL;BOLIVARIANO MIRANDA;LOS TEQUES;BARUTA;BARUTA;MIRANDA-2;10204;AREA 4;2324X;FRANCISCO SALIAS    ;90001034;DATO12-0034;999;7000000134;08/09/2026 06:31:26 p.m.;ABONADO0034;4000000134;11/09/2026 06:31:27 p.m.;;OPERADOR0034;SIN NOVEDAD FICTICIA;;;;10/09/2026 11:37:38 a.m.;;PEND;;DATO29-0034;9;;;ABONADO0034;CALLE FICTICIA 0034 RESIDENCIA DEMO;;DATO36-0034;DATO37-0034;DATO38-0034;DATO39-0034;9;9;99;DATO43-0034;DATO44-0034;999;DATO46-0034;DATO47-0034;9;DATO49-0034;DATO50-0034;DATO51-0034;DATO52-0034;OPERADOR0034;10/09/2026 11:44:02 a.m.;9;;;;;DATO60-0034;CANTV RESIDENCIAL;RES;;;;;;;;;;;;;;;;;;
CAPITAL;BOLIVARIANO MIRANDA;LOS TEQUES;BARUTA;BARUTA;MIRANDA-2;10204;AREA 4;2324X;FRANCISCO SALIAS    ;90001035;DATO12-0035;999;7000000135;08/09/2026 08:17:14 p.m.;ABONADO0035;4000000135;11/09/2026 08:17:14 p.m.;;OPERADOR0035;SIN NOVEDAD FICTICIA;;;;09/09/2026 08:10:02 a.m.;DATO26-0035;PEND;SIN NOVEDAD FICTICIA;DATO29-0035;9;SIN NOVEDAD FICTICIA;;ABONADO0035;CALLE FICTICIA 0035 RESIDENCIA DEMO;08/08/2026;DATO36-0035;DATO37-0035;DATO38-0035;DATO39-0035;9;9;99;DATO43-0035;DATO44-0035;999;DATO46-0035;DATO47-0035;9;DATO49-0035;DATO50-0035;DATO51-0035;DATO52-0035;OPERADOR0035;09/09/2026 11:06:02 a.m.;9;;;;;DATO60-0035;CANTV RESIDENCIAL;RES;;;;;;;;;;;;;;;;;;
CAPITAL;BOLIVARIANO MIRANDA;LOS TEQUES;BARUTA;BARUTA;MIRANDA-2;10204;AREA 4;2324X;FRANCISCO SALIAS    ;90001036;DATO12-0036;999;7000000136;09/09/2026 10:36:45 a.m.;ABONADO0036;4000000136;12/09/2026 10:36:45 a.m.;;OPERADOR0036;SIN NOVEDAD FICTICIA;;;;09/09/2026 11:28:19 a.m.;DATO26-0036;PEND;SIN NOVEDAD FICTICIA;DATO29-0036;9;;;ABONADO0036;CALLE FICTICIA 0036 RESIDENCIA DEMO;12/08/2026;DATO36-0036;DATO37-0036;DATO38-0036;DATO39-0036;9;9;9;DATO43-0036;DATO44-0036;999;DATO46-0036;DATO47-0036;9;DATO49-0036;DATO50-0036;DATO51-0036;DATO52-0036;OPERADOR0036;09/09/2026 11:55:57 a.m.;9;;;;;DATO60-0036;CANTV RESIDENCIAL;RES;;;;;;;;;;;;;;;;;;
CAPITAL;BOLIVARIANO MIRANDA;LOS TEQUES;BARUTA;BARUTA;MIRANDA-2;10204;AREA 4;2324X;FRANCISCO SALIAS    ;90001037;DATO12-0037;999;7000000137;09/09/2026 11:33:33 a.m.;ABONADO0037;4000000137;12/09/2026 11:33:33 a.m.;;OPERADOR0037;SIN NOVEDAD FICTICIA;;;;11/09/2026 01:58:38 p.m.;DATO26-0037;PEND;SIN NOVEDAD FICTICIA;DATO29-0037;9;;;ABONADO0037;CALLE FICTICIA 0037 RESIDENCIA DEMO;;DATO36-0037;DATO37-0037;DATO38-0037;DATO39-0037;99;9;99;DATO43-0037;DATO44-0037;999;DATO46-0037;DATO47-0037;9;DATO49-0037;DATO50-0037;DATO51-0037;DATO52-0037;OPERADOR0037;11/09/2026 05:16:32 p.m.;9;;;;;DATO60-0037;CANTV RESIDENCIAL;RES;;;;;;;;;;;;;;;;;;
CAPITAL;BOLIVARIANO MIRANDA;LOS TEQUES;BARUTA;BARUTA;MIRANDA-2;10204;AREA 4;2324X;FRANCISCO SALIAS    ;90001038;DATO12-0038;999;7000000138;09/09/2026 12:56:02 p.m.;ABONADO0038;4000000138;12/09/2026 12:56:03 p.m.;;OPERADOR0038;SIN NOVEDAD FICTICIA;;;;10/09/2026 09:59:45 a.m.;;PEND;;DATO29-0038;9;;;ABONADO0038;CALLE FICTICIA 0038 RESIDENCIA DEMO;;DATO36-0038;DATO37-0038;DATO38-0038;DATO39-0038;9;9;99;DATO43-0038;DATO44-0038;999;DATO46-0038;DATO47-0038;9;DATO49-0038;DATO50-0038;DATO51-0038;DATO52-0038;OPERADOR0038;10/09/2026 11:08:38 a.m.;9;;;;;DATO60-0038;CANTV RESIDENCIAL;RES;;;;;;;;;;;;;;;;;;
CAPITAL;BOLIVARIANO MIRANDA;LOS TEQUES;BARUTA;BARUTA;MIRANDA-2;10204;AREA 4;2324X;FRANCISCO SALIAS    ;90001039;DATO12-0039;999;7000000139;09/09/2026 01:12:16 p.m.;ABONADO0039;4000000139;12/09/2026 01:12:16 p.m.;10/09/2026 10:00:00 a.m.;OPERADOR0039;SIN NOVEDAD FICTICIA;;;;10/09/2026 09:59:45 a.m.;DATO26-0039;PEND;SIN NOVEDAD FICTICIA;DATO29-0039;9;;;ABONADO0039;CALLE FICTICIA 0039 RESIDENCIA DEMO;;DATO36-0039;DATO37-0039;DATO38-0039;DATO39-0039;9;99;99;DATO43-0039;DATO44-0039;9999;DATO46-0039;DATO47-0039;9;DATO49-0039;DATO50-0039;DATO51-0039;DATO52-0039;OPERADOR0039;10/09/2026 01:59:35 p.m.;9;;;;;DATO60-0039;CANTV RESIDENCIAL;RES;;;;;;;;;;;;;;;;;;
CAPITAL;BOLIVARIANO MIRANDA;LOS TEQUES;BARUTA;BARUTA;MIRANDA-2;10202;AREA 5;2319X;LAS MERCEDES CPA    ;90001040;DATO12-0040;999;7000000140;09/09/2026 01:40:05 p.m.;ABONADO0040;4000000140;12/09/2026 01:40:05 p.m.;;OPERADOR0040;REPORTE FICTICIO: LOS ROJO;;;;09/09/2026 02:42:44 p.m.;DATO26-0040;PEND;;DATO29-0040;9;SIN NOVEDAD FICTICIA;;ABONADO0040;CALLE FICTICIA 0040 RESIDENCIA DEMO;;DATO36-0040;DATO37-0040;DATO38-0040;DATO39-0040;9;9;99;DATO43-0040;DATO44-0040;999;DATO46-0040;DATO47-0040;9;DATO49-0040;DATO50-0040;DATO51-0040;DATO52-0040;OPERADOR0040;09/09/2026 02:44:05 p.m.;9;;;;;DATO60-0040;CANTV RESIDENCIAL;RES;;;;;;;;;;;;;;;;;;
CAPITAL;BOLIVARIANO MIRANDA;LOS TEQUES;BARUTA;BARUTA;MIRANDA-2;10204;AREA 4;2324X;FRANCISCO SALIAS    ;90001041;DATO12-0041;999;7000000141;09/09/2026 02:09:52 p.m.;ABONADO0041;4000000141;12/09/2026 02:09:52 p.m.;;OPERADOR0041;SIN NOVEDAD FICTICIA;;;;10/09/2026 09:59:45 a.m.;DATO26-0041;PEND;SIN NOVEDAD FICTICIA;DATO29-0041;9;SIN NOVEDAD FICTICIA;;ABONADO0041;CALLE FICTICIA 0041 RESIDENCIA DEMO;;DATO36-0041;DATO37-0041;DATO38-0041;DATO39-0041;9;9;99;DATO43-0041;DATO44-0041;999;DATO46-0041;DATO47-0041;9;DATO49-0041;DATO50-0041;DATO51-0041;DATO52-0041;OPERADOR0041;10/09/2026 02:02:31 p.m.;9;;;;;DATO60-0041;CANTV RESIDENCIAL;RES;;DATO64-0041;;;;;;;;;;;;;;;;
CAPITAL;BOLIVARIANO MIRANDA;LOS TEQUES;BARUTA;BARUTA;MIRANDA-2;10204;AREA 4;2324X;FRANCISCO SALIAS    ;90001042;DATO12-0042;999;7000000142;09/09/2026 04:30:18 p.m.;ABONADO0042;4000000142;12/09/2026 04:30:19 p.m.;;OPERADOR0042;SIN NOVEDAD FICTICIA;;;;09/09/2026 07:16:47 p.m.;;PEND;;DATO29-0042;9;;;ABONADO0042;CALLE FICTICIA 0042 RESIDENCIA DEMO;;DATO36-0042;DATO37-0042;DATO38-0042;DATO39-0042;9;99;9;DATO43-0042;DATO44-0042;9999;DATO46-0042;DATO47-0042;9;DATO49-0042;DATO50-0042;DATO51-0042;DATO52-0042;OPERADOR0042;09/09/2026 07:56:50 p.m.;9;;;;;DATO60-0042;CANTV RESIDENCIAL;RES;;;;;;;;;;;;;;;;;;
CAPITAL;BOLIVARIANO MIRANDA;LOS TEQUES;BARUTA;BARUTA;MIRANDA-2;10202;AREA 5;2319X;LAS MERCEDES CPA    ;90001043;DATO12-0043;999;7000000143;10/09/2026 09:56:22 a.m.;ABONADO0043;4000000143;13/09/2026 09:56:22 a.m.;;OPERADOR0043;REPORTE FICTICIO: LOS ROJO / FALLA DE FIBRA;;;;10/09/2026 10:53:22 a.m.;DATO26-0043;PEND;SIN NOVEDAD FICTICIA;DATO29-0043;9;;;ABONADO0043;CALLE FICTICIA 0043 RESIDENCIA DEMO;;DATO36-0043;DATO37-0043;DATO38-0043;DATO39-0043;99;9;99;DATO43-0043;DATO44-0043;999;DATO46-0043;DATO47-0043;9;DATO49-0043;DATO50-0043;DATO51-0043;DATO52-0043;OPERADOR0043;10/09/2026 11:44:10 a.m.;9;;;;;DATO60-0043;CANTV RESIDENCIAL;RES;;;;;;;;;;;;;;;;;;
CAPITAL;BOLIVARIANO MIRANDA;LOS TEQUES;BARUTA;BARUTA;MIRANDA-2;10204;AREA 4;2324X;FRANCISCO SALIAS    ;90001044;DATO12-0044;999;7000000144;10/09/2026 11:57:17 a.m.;ABONADO0044;4000000144;13/09/2026 11:57:17 a.m.;;OPERADOR0044;REPORTE FICTICIO: LOS ROJO / FALLA DE FIBRA;;;;10/09/2026 01:30:45 p.m.;DATO26-0044;PEND;;DATO29-0044;9;;;ABONADO0044;CALLE FICTICIA 0044 RESIDENCIA DEMO;09/09/2026;DATO36-0044;DATO37-0044;DATO38-0044;DATO39-0044;9;9;;DATO43-0044;DATO44-0044;;DATO46-0044;DATO47-0044;9;DATO49-0044;DATO50-0044;DATO51-0044;DATO52-0044;OPERADOR0044;10/09/2026 01:35:41 p.m.;9;;;;;DATO60-0044;CANTV RESIDENCIAL;RES;;;;;;;;;;;;;;;;;;
CAPITAL;BOLIVARIANO MIRANDA;LOS TEQUES;BARUTA;BARUTA;MIRANDA-2;10204;AREA 4;2324X;FRANCISCO SALIAS    ;90001045;DATO12-0045;999;7000000145;10/09/2026 05:14:28 p.m.;ABONADO0045;4000000145;13/09/2026 05:14:29 p.m.;;OPERADOR0045;REPORTE FICTICIO: LOS ROJO;;;;11/09/2026 07:33:51 a.m.;;PEND;;DATO29-0045;9;;;ABONADO0045;CALLE FICTICIA 0045 RESIDENCIA DEMO;;DATO36-0045;DATO37-0045;DATO38-0045;DATO39-0045;99;99;99;DATO43-0045;DATO44-0045;9999;DATO46-0045;DATO47-0045;9;DATO49-0045;DATO50-0045;DATO51-0045;DATO52-0045;OPERADOR0045;11/09/2026 07:34:34 a.m.;9;;;;;DATO60-0045;CANTV RESIDENCIAL;RES;;;;;;;;;;;;;;;;;;
CAPITAL;BOLIVARIANO MIRANDA;LOS TEQUES;BARUTA;BARUTA;MIRANDA-2;10204;AREA 4;2324X;FRANCISCO SALIAS    ;90001046;DATO12-0046;999;7000000146;10/09/2026 05:19:47 p.m.;ABONADO0046;4000000146;13/09/2026 05:19:48 p.m.;;OPERADOR0046;REPORTE FICTICIO: LOS ROJO;;;;11/09/2026 07:35:26 a.m.;;PEND;;DATO29-0046;9;;;ABONADO0046;CALLE FICTICIA 0046 RESIDENCIA DEMO;;DATO36-0046;DATO37-0046;DATO38-0046;DATO39-0046;99;9;99;DATO43-0046;DATO44-0046;999;DATO46-0046;DATO47-0046;9;DATO49-0046;DATO50-0046;DATO51-0046;DATO52-0046;OPERADOR0046;11/09/2026 07:36:05 a.m.;9;;;;;DATO60-0046;CANTV RESIDENCIAL;RES;;;;;;;;;;;;;;;;;;
CAPITAL;BOLIVARIANO MIRANDA;LOS TEQUES;EL HATILLO;EL HATILLO;MIRANDA-2;10204;AREA 3;2318X;EL HATILLO          ;90001047;DATO12-0047;999;7000000147;10/09/2026 09:23:06 p.m.;ABONADO0047;4000000147;13/09/2026 09:23:06 p.m.;;OPERADOR0047;SIN NOVEDAD FICTICIA;;;;11/09/2026 09:32:27 a.m.;;PEND;;DATO29-0047;9;;;ABONADO0047;CALLE FICTICIA 0047 RESIDENCIA DEMO;;DATO36-0047;DATO37-0047;DATO38-0047;DATO39-0047;9;9;99;DATO43-0047;DATO44-0047;9999;DATO46-0047;DATO47-0047;9;DATO49-0047;DATO50-0047;DATO51-0047;DATO52-0047;OPERADOR0047;11/09/2026 12:25:06 p.m.;9;;;;;DATO60-0047;CANTV RESIDENCIAL;RES;;;;;;;;;;;;;;;;;;
CAPITAL;BOLIVARIANO MIRANDA;LOS TEQUES;BARUTA;BARUTA;MIRANDA-2;10204;AREA 4;2324X;FRANCISCO SALIAS    ;90001048;DATO12-0048;999;7000000148;11/09/2026 09:21:38 a.m.;ABONADO0048;4000000148;14/09/2026 09:21:38 a.m.;;OPERADOR0048;SIN NOVEDAD FICTICIA;;;;11/09/2026 09:32:27 a.m.;DATO26-0048;PEND;SIN NOVEDAD FICTICIA;DATO29-0048;9;;;ABONADO0048;CALLE FICTICIA 0048 RESIDENCIA DEMO;;DATO36-0048;DATO37-0048;DATO38-0048;DATO39-0048;99;99;99;DATO43-0048;DATO44-0048;9999;DATO46-0048;DATO47-0048;9;DATO49-0048;DATO50-0048;DATO51-0048;DATO52-0048;OPERADOR0048;11/09/2026 12:16:54 p.m.;9;;;;;DATO60-0048;CANTV RESIDENCIAL;RES;;;;;;;;;;;;;;;;;;
CAPITAL;BOLIVARIANO MIRANDA;LOS TEQUES;BARUTA;BARUTA;MIRANDA-2;10204;AREA 4;2324X;FRANCISCO SALIAS    ;90001049;DATO12-0049;999;7000000149;11/09/2026 09:43:57 a.m.;ABONADO0049;4000000149;14/09/2026 09:43:57 a.m.;14/09/2026 10:00:00 a.m.;OPERADOR0049;REPORTE FICTICIO: LOS ROJO;;;;11/09/2026 09:47:42 a.m.;DATO26-0049;PEND;SIN NOVEDAD FICTICIA;DATO29-0049;9;;;ABONADO0049;CALLE FICTICIA 0049 RESIDENCIA DEMO;;DATO36-0049;DATO37-0049;DATO38-0049;DATO39-0049;99;9;9;DATO43-0049;DATO44-0049;999;DATO46-0049;DATO47-0049;9;DATO49-0049;DATO50-0049;DATO51-0049;DATO52-0049;OPERADOR0049;11/09/2026 09:53:43 a.m.;9;;;;;DATO60-0049;CANTV RESIDENCIAL;RES;;;;;;;;;;;;;;;;;;
CAPITAL;BOLIVARIANO MIRANDA;LOS TEQUES;BARUTA;BARUTA;MIRANDA-2;10204;AREA 4;2324X;FRANCISCO SALIAS    ;90001050;DATO12-0050;999;7000000150;11/09/2026 09:58:36 a.m.;ABONADO0050;4000000150;14/09/2026 09:58:36 a.m.;;OPERADOR0050;SIN NOVEDAD FICTICIA;;;;11/09/2026 02:01:32 p.m.;DATO26-0050;PEND;SIN NOVEDAD FICTICIA;DATO29-0050;9;;;ABONADO0050;CALLE FICTICIA 0050 RESIDENCIA DEMO;;DATO36-0050;DATO37-0050;DATO38-0050;DATO39-0050;9;9;99;DATO43-0050;DATO44-0050;99;DATO46-0050;DATO47-0050;9;DATO49-0050;DATO50-0050;DATO51-0050;DATO52-0050;OPERADOR0050;11/09/2026 05:25:13 p.m.;9;;;;;DATO60-0050;CANTV RESIDENCIAL;RES;;;;;;;;;;;;;;;;;;
CAPITAL;BOLIVARIANO MIRANDA;LOS TEQUES;BARUTA;BARUTA;MIRANDA-2;10204;AREA 4;2324X;FRANCISCO SALIAS    ;90001051;DATO12-0051;999;7000000151;11/09/2026 11:03:54 a.m.;ABONADO0051;4000000151;14/09/2026 11:03:54 a.m.;;OPERADOR0051;SIN NOVEDAD FICTICIA;;;;11/09/2026 02:00:57 p.m.;DATO26-0051;PEND;SIN NOVEDAD FICTICIA;DATO29-0051;9;SIN NOVEDAD FICTICIA;;ABONADO0051;CALLE FICTICIA 0051 RESIDENCIA DEMO;;DATO36-0051;DATO37-0051;DATO38-0051;DATO39-0051;9;99;99;DATO43-0051;DATO44-0051;9999;DATO46-0051;DATO47-0051;9;DATO49-0051;DATO50-0051;DATO51-0051;;OPERADOR0051;11/09/2026 02:01:34 p.m.;9;;;;;DATO60-0051;CANTV RESIDENCIAL;RES;;;;;;;;;;;;;;;;;;
CAPITAL;BOLIVARIANO MIRANDA;LOS TEQUES;BARUTA;BARUTA;MIRANDA-2;10204;AREA 4;2324X;FRANCISCO SALIAS    ;90001052;DATO12-0052;999;7000000152;11/09/2026 11:09:19 a.m.;ABONADO0052;4000000152;14/09/2026 11:09:19 a.m.;;OPERADOR0052;SIN NOVEDAD FICTICIA;;;;11/09/2026 11:27:36 a.m.;DATO26-0052;PEND;SIN NOVEDAD FICTICIA;DATO29-0052;9;;;ABONADO0052;CALLE FICTICIA 0052 RESIDENCIA DEMO;17/08/2026;DATO36-0052;DATO37-0052;DATO38-0052;DATO39-0052;99;9;9;DATO43-0052;DATO44-0052;9999;DATO46-0052;DATO47-0052;9;DATO49-0052;DATO50-0052;DATO51-0052;;OPERADOR0052;11/09/2026 12:08:07 p.m.;9;;;;;DATO60-0052;CANTV RESIDENCIAL;RES;;;;;;;;;;;;;;;;;;
CAPITAL;BOLIVARIANO MIRANDA;LOS TEQUES;BARUTA;BARUTA;MIRANDA-2;10204;AREA 4;2324X;FRANCISCO SALIAS    ;90001053;DATO12-0053;999;7000000153;11/09/2026 11:46:37 a.m.;ABONADO0053;4000000153;14/09/2026 11:46:37 a.m.;;OPERADOR0053;REPORTE FICTICIO: LOS ROJO;;;;11/09/2026 11:55:01 a.m.;DATO26-0053;PEND;SIN NOVEDAD FICTICIA;DATO29-0053;9;;;ABONADO0053;CALLE FICTICIA 0053 RESIDENCIA DEMO;;DATO36-0053;DATO37-0053;DATO38-0053;DATO39-0053;99;99;9;DATO43-0053;DATO44-0053;9999;DATO46-0053;DATO47-0053;9;DATO49-0053;DATO50-0053;DATO51-0053;DATO52-0053;OPERADOR0053;11/09/2026 01:46:37 p.m.;9;;;;;DATO60-0053;CANTV RESIDENCIAL;RES;;;;;;;;;;;;;;;;;;
CAPITAL;BOLIVARIANO MIRANDA;LOS TEQUES;BARUTA;BARUTA;MIRANDA-2;10204;AREA 4;2324X;FRANCISCO SALIAS    ;90001054;DATO12-0054;999;7000000154;11/09/2026 12:24:42 p.m.;ABONADO0054;4000000154;14/09/2026 12:24:42 p.m.;;OPERADOR0054;REPORTE FICTICIO: LOS ROJO / FALLA DE FIBRA;;;;11/09/2026 02:12:08 p.m.;DATO26-0054;PEND;;DATO29-0054;9;;;ABONADO0054;CALLE FICTICIA 0054 RESIDENCIA DEMO;;DATO36-0054;DATO37-0054;DATO38-0054;DATO39-0054;99;9;9;DATO43-0054;DATO44-0054;999;DATO46-0054;DATO47-0054;9;DATO49-0054;DATO50-0054;DATO51-0054;DATO52-0054;OPERADOR0054;11/09/2026 02:43:04 p.m.;9;;;;;DATO60-0054;CANTV RESIDENCIAL;RES;;;;;;;;;;;;;;;;;;
CAPITAL;BOLIVARIANO MIRANDA;LOS TEQUES;BARUTA;BARUTA;MIRANDA-2;10204;AREA 4;2324X;FRANCISCO SALIAS    ;90001055;DATO12-0055;999;7000000155;11/09/2026 02:35:20 p.m.;ABONADO0055;4000000155;14/09/2026 02:35:20 p.m.;;OPERADOR0055;REPORTE FICTICIO: LOS ROJO;;;;11/09/2026 02:41:10 p.m.;DATO26-0055;PEND;SIN NOVEDAD FICTICIA;DATO29-0055;9;;;ABONADO0055;CALLE FICTICIA 0055 RESIDENCIA DEMO;;DATO36-0055;DATO37-0055;DATO38-0055;DATO39-0055;9;9;99;DATO43-0055;DATO44-0055;999;DATO46-0055;DATO47-0055;9;DATO49-0055;DATO50-0055;DATO51-0055;DATO52-0055;OPERADOR0055;11/09/2026 03:09:00 p.m.;9;;;;;DATO60-0055;CANTV RESIDENCIAL;RES;;;;;;;;;;;;;;;;;;
